ID,firstName,lastName,email,phone
1004155,Daniel,Watts,daniel.watts@demo.com,+44-555-123
1004161,Stormy,Weathers,stormy.weathers@demo.com,
1004100,Sunny,Sunshine,sunny.sunshine@demo.com,+01-555-789
1004200,John,Doe,john.doe@demo.com,+01-555-456
1004201,Jane,Doe,jane.doe@demo.com,+01-555-654
1004202,Chris,Pine,chris.pine@demo.com,+01-555-321
1004203,Anna,Bell,anna.bell@demo.com,+01-555-987
1004204,Peter,Parker,peter.parker@demo.com,+01-555-111
1004205,Bruce,Wayne,bruce.wayne@demo.com,+01-555-222
1004206,Clark,Kent,clark.kent@demo.com,+01-555-333
